{
  "meta_title": "",
  "meta_description": "",
  "sections": [
    {
      "type": "banner-slider",
      "autoplay": 9000,
      "full_width": true,
      "slides": [
        {
          "start": "",
          "end": "",
          "img": "/img/uploads/29337-2.png"
        },
        {
          "start": "",
          "end": "",
          "img": "/img/uploads/29337-colecao-especial.png"
        },
        {
          "start": "",
          "end": "",
          "img": "/img/uploads/29337-as-mais-vendias-banner.png"
        }
      ]
    },
    {
      "type": "info-bar",
      "enabled": true
    },
    {
      "type": "collection-shelf",
      "shuffle": true,
      "collection_id": "625dd2733da6d37bc2e82dce:collections:As + Vendidas:/maisvendidas",
      "sort": "offers",
      "title": "",
      "headless": false,
      "limit": 12,
      "page": 1
    },
    {
      "type": "collection-shelf",
      "shuffle": false,
      "limit": 12,
      "page": 1,
      "collection_id": null
    },
    {
      "type": "collection-shelf",
      "shuffle": false,
      "limit": 12,
      "page": 1
    },
    {
      "type": "collection-shelf",
      "shuffle": false,
      "limit": 12,
      "page": 1
    },
    {
      "type": "banner-slider",
      "autoplay": 9000,
      "full_width": false,
      "slides": [
        {
          "start": "",
          "end": "",
          "img": "/img/uploads/29337-pc-6-.png",
          "link": "/masculinas"
        },
        {
          "start": "",
          "end": "",
          "img": "/img/uploads/29337-pc-5-.png",
          "link": "/aneis"
        },
        {
          "start": "",
          "end": "",
          "img": "/img/uploads/29337-pc-4-.png",
          "link": "/pulseiras"
        },
        {
          "start": "",
          "end": "",
          "img": "/img/uploads/29337-pc-3-.png",
          "link": "/colares"
        },
        {
          "start": "",
          "end": "",
          "img": "/img/uploads/29337-pc-2-.png",
          "alt": "",
          "link": "/brincos"
        },
        {
          "start": "",
          "end": "",
          "img": "/img/uploads/29337-pc-1-.png",
          "alt": "",
          "link": "/tornozeleiras"
        }
      ]
    },
    {
      "type": "collection-shelf",
      "shuffle": false,
      "limit": 12,
      "page": 1
    },
    {
      "type": "responsive-banner",
      "img": "/img/uploads/29337-anel-solitario-1-.png",
      "link": "/aneis-solitarios"
    },
    {
      "type": "collection-shelf",
      "shuffle": false,
      "limit": 12,
      "page": 1
    }
  ]
}